latitude,longitude
17.60145386372230,78.12662683844790
17.601453946868400,78.12662695894600
17.601453990000700,78.12662695360140
17.601454033132900,78.12662694825670
17.601454076265200,78.12662694291200
17.601454119397500,78.12662693756730
17.60145416252980,78.12662705731520
17.60145420566200,78.12662717706300
17.60145424879430,78.1266272968109
17.60145429192660,78.12662729146620
17.601454335058800,78.12662728612160
17.601454378272800,78.12662728077690
17.601454421405100,78.12662740052470
17.601454464537300,78.12662751925440
17.601454507669600,78.12662751390980
17.601454550801900,78.12662763520120
17.60145463394800,78.12662775569940
17.601454681508200,78.12662775035470
17.601454724640400,78.12662774501000
17.60145476777270,78.12662773966530
17.60145481090500,78.12662785941320
17.60145485411900,78.12662785406850
17.60145490504000,78.12662784629120
17.60145498815970,78.12662796678940
17.60145503129200,78.1266279614447
17.60145507861280,78.1266279520266
17.601455121745000,78.12662794668190
17.601455164877300,78.12662806642980
17.601455208009600,78.1266280610851
17.601455251141800,78.12662805574040
17.601455294355800,78.12662805039580
17.601455337488100,78.1266281701436
17.601455380620300,78.12662816479890
17.60145542375260,78.12662815945430
17.60145549043080,78.12662821961370
17.60145553356310,78.126628214269
17.601455577501000,78.12662833619500
17.601455628914100,78.12662832830070
17.601455679521600,78.12662832040640
17.601455726276200,78.12662831506170
17.60145576940840,78.12662843382280
17.60145581848780,78.12662855333420
17.601455866048000,78.12662854798950
17.601455913608200,78.12662854264480
17.601455960362700,78.12662853730020
17.601456007117300,78.12662853195550
17.601456050331300,78.12662852661080
17.601456093463500,78.12662864619930
17.601456148347500,78.12662876669750
17.6014562127542,78.12662888719560
17.601456262184300,78.12662900923740
17.60145630531660,78.12662913196740
17.60145634844890,78.12662925174290
17.60145642548360,78.12662937328690
17.60145647268510,78.12662949408050
17.601456542492000,78.12662961562450
17.601456585624300,78.12662973641820
17.601456628756600,78.12662973107350
17.601456671888900,78.1266297257288
17.60145671502110,78.12662984652250
17.601456776928900,78.12662996806640
17.601456826008300,78.12663008886010
17.601456869140500,78.12663020965370
17.60145691227280,78.12663033044740
17.60145695548680,78.12663032510270
17.60145699861910,78.12663032857070
17.60145704593980,78.12663031915260
17.601457096547300,78.12663031125830
17.601457139679600,78.12663043205200
17.601457182811900,78.1266305528456
17.601457225944100,78.12663067363920
17.60145726907640,78.12663079443290
17.60145731220870,78.12663091522650
17.601457362093700,78.12663103602020
17.60145744485800,78.12663115756420
17.60145748799030,78.12663127835780
17.60145753112250,78.12663139915140
17.601457574254800,78.12663139380680
17.601457617387100,78.1266315146004
17.601457660519300,78.12663163539410
17.601457703651600,78.12663175618770
17.601457746783900,78.12663187698130
17.601457789916200,78.12663199777500
17.60145783304840,78.1266319924303
17.6014578761807,78.12663198708560
17.60145791939470,78.12663198174100
17.60145796252690,78.12663197639630
17.60145800574090,78.12663197105160
17.60145805249550,78.12663196570690
17.60145809562770,78.12663208650060
17.601458138760000,78.1266320811559
17.601458181892300,78.12663207581120
17.601458228646800,78.12663207046660
17.601458275401400,78.12663206512190
17.601458318533700,78.12663218591550
17.60145836087120,78.12663230256090
17.601458405884300,78.1266324241474
17.60145844915190,78.12663254810800
17.601458492050200,78.12663266820090
17.601458535182500,78.12663278922800
17.60145857831480,78.1266327838833
17.601458625011600,78.1266327744652
17.601458675549900,78.12663276657090
17.60145872685820,78.12663275865380
17.6014587782713,78.12663275075950
17.601458825592100,78.12663274134140
17.601458872912800,78.12663273192330
17.601458919921700,78.1266327225052
17.601458966744000,78.1266327130871
17.601459014064800,78.126632703669
17.601459064985800,78.12663269589170
17.601459111740400,78.126632690547
17.601459154954400,78.12663268520230
17.601459198168300,78.12663267985770
17.601459241382300,78.12663267451300
17.601459288136900,78.1266326691683
17.601459331269100,78.12663266382360
17.601459374401400,78.12663265847900
17.60145941753370,78.12663265313430
17.60145946066590,78.1266326477896
17.60145950387990,78.12663264244490
17.60145954701220,78.12663263710030
17.60145959014450,78.1266327578939
17.601459633276700,78.12663275254920
17.601459676409000,78.12663274720460
17.601459719541300,78.12663274185990
17.601459762673500,78.12663286265350
17.601459805805800,78.12663298344720
17.601459848938100,78.12663297810250
17.601459892152000,78.12663297275780
17.601459936171600,78.12663296741310
17.60145997938560,78.12663296206850
17.601460022517900,78.1266329567238
17.601460065419900,78.12663295137910
17.601460112980000,78.12663294603450
17.6014601605402,78.12663294068980
17.60146020367250,78.1266329353451
17.601460250224000,78.12663293000040
17.601460296775600,78.12663292465580
17.601460343011500,78.12663291931110
17.60146039006620,78.1266329139664
17.60146043850460,78.12663290862170
17.60146048694290,78.12663290327710
17.60146053538130,78.12663289793240
17.60146058381970,78.12663301495010
17.601460631439400,78.12663313120430
17.60146068500620,78.12663324850430
17.601460738573000,78.12663336761720
17.601460787373600,78.1266334866865
17.601460833843400,78.12663348134180
17.601460880313300,78.12663359721800
17.601460926549200,78.12663371309420
17.601460972785200,78.12663370774960
17.601461019333100,78.12663370240490
17.601461065881000,78.12663369706020
17.601461113734600,78.12663381593940
17.601461167301500,78.12663393481860
17.601461333604700,78.12663392713500
17.601461380468300,78.12663392179030
17.601461427250100,78.12663391644560
17.601461474031900,78.12663391110090
17.601461520813800,78.12663390575630
17.601461567677300,78.12663390041160
17.60146161808140,78.12663389506690
17.601461672233700,78.12663388715350
17.601461741638600,78.12663402985480
17.601461812509900,78.12663406456500
17.6014618704622,78.12663405189330
17.601461937790800,78.12663403888160
17.60146205907680,78.12663405576630
17.60146220389650,78.12663407550570
17.601462360564100,78.12663409644140
17.601462529090800,78.12663413868190
17.60146270964980,78.12663418853310
17.60146291066540,78.12663423548230
17.601463134078000,78.1266342824315
17.601463394156100,78.12663433252900
17.60146368020730,78.12663437813120
17.601464008461600,78.12663441891000
17.6014643471827,78.12663446580490
17.601464724452000,78.12663451580630
17.60146513975680,78.1266345659918
17.601465597636800,78.12663461779120
17.601466095766800,78.12663467133430
17.60146662683770,78.12663472225400
17.601467186310800,78.12663477687400
17.601467778625200,78.12663483119980
17.601468401697400,78.12663488316860
17.601469047806800,78.12663493868120
17.60146970118730,78.12663499607350
17.601470359953500,78.12663505518720
17.601471039564600,78.12663512123330
17.601471739243300,78.12663519264930
17.601472459347500,78.12663526561500
17.601473205043300,78.12663533412960
17.601473982368100,78.12663539321060
17.60147480413420,78.12663543646670
17.601475643118700,78.12663546068250
17.601476490751400,78.12663549546960
17.60147733948670,78.12663553759600
17.601478195286700,78.12663559372560
17.601479083999300,78.12663564962210
17.601479992122000,78.12663570266990
17.601480946859500,78.1266357643084
17.60148193178580,78.12663583418570
17.60148295981190,78.1266359128958
17.601484047480200,78.12663599000900
17.601485178131100,78.12663606117260
17.601486340063800,78.12663613157670
17.60148754511820,78.12663619451870
17.601488779945900,78.12663625472780
17.601490062455000,78.12663631669990
17.601491398603300,78.12663636690420
17.601492787944300,78.12663642158790
17.601494244492300,78.12663650557160
17.60149574114080,78.12663659893620
17.601497312963500,78.12663670259950
17.601498948768900,78.12663680790850
17.60150062396240,78.12663690202410
17.601502354878200,78.12663698936410
17.601504131217300,78.12663706935970
17.601505940409800,78.12663714296530
17.601507795980400,78.12663720219930
17.601509708752400,78.12663727015150
17.601511689996500,78.12663733642680
17.601513729574100,78.12663739041200
17.601515817993800,78.12663745613750
17.601517944578000,78.12663754649290
17.601520120396700,78.12663762816330
17.601522332998500,78.12663770302760
17.601524581994200,78.12663774181210
17.601526871857300,78.12663777265330
17.601529202997500,78.12663779650910
17.601531559774700,78.12663782900630
17.60153393964520,78.12663784133550
17.601536318883500,78.12663785011240
17.601538719034200,78.1266378565648
17.60154110126840,78.1266378643153
17.6015434724465,78.12663787051950
17.601545822607900,78.1266378726867
17.601548160903000,78.12663786070360
17.60155050523200,78.12663785155970
17.60155284411940,78.12663783249290
17.601555183091800,78.12663779878220
17.601557520939200,78.12663776428710
17.601559861376700,78.12663771429360
17.60156219540880,78.1266376604356
17.601564528426900,78.12663761033830
17.60156686147450,78.12663756172510
17.601569186809500,78.12663751125870
17.601571499531100,78.12663746378000
17.601573810574700,78.12663741013920
17.60157610193100,78.12663734142530
17.601578387363700,78.12663727271200
17.601580656895200,78.12663720230930
17.60158292555930,78.12663711257790
17.601585193210100,78.12663701626050
17.60158746100990,78.1266369172505
17.601589726124600,78.12663681804700
17.601591976820400,78.1266367191248
17.601594225982800,78.12663660174440
17.60159647950270,78.12663647669200
17.60159874028970,78.12663635008010
17.60160099849310,78.12663621240080
17.60160325208720,78.12663605845440
17.601605495932200,78.12663592525770
17.60160773634190,78.12663579873120
17.601609957511000,78.12663564421230
17.60161215877870,78.12663548665480
17.60161435856310,78.12663533581110
17.60161655834740,78.126635183442
17.601618757242600,78.12663502670690
17.6016209558221,78.12663486569560
17.6016231759933,78.1266347008602
17.601625434816500,78.12663452630480
17.601627700760400,78.12663436531440
17.601630010587200,78.12663418935580
17.601632349083100,78.12663401106010
17.601634721735500,78.1266338280184
17.60163709612210,78.12663365303260
17.60163947380470,78.12663348342000
17.601641854450600,78.12663332021300
17.601644232200000,78.12663316038710
17.601646620778700,78.12663300576870
17.601649007894100,78.12663287639990
17.601651404323600,78.12663274307830
17.601653823607500,78.12663258231880
17.601656278441700,78.12663243942880
17.60165874657610,78.12663229645040
17.60166124173010,78.12663216521460
17.60166376992350,78.12663203100790
17.601666313489200,78.12663189447500
17.601668898763300,78.1266317677273
17.60167151695910,78.12663164138760
17.601674163956000,78.1266315213434
17.60167683039150,78.12663140613200
17.601679488171000,78.12663129808100
17.601682184669700,78.1266311897958
17.60168492906260,78.12663108172580
17.60168769835340,78.12663097313280
17.601690493860200,78.1266308652578
17.60169331184370,78.12663075958480
17.60169613421440,78.12663065839270
17.601698984591700,78.12663055571750
17.601701858892000,78.12663046309760
17.601704737346400,78.1266303736723
17.60170762729910,78.12663029222840
17.601710538736800,78.12663022403440
17.601713484188900,78.12663015931490
17.601716444279900,78.12663009182970
17.601719436362400,78.1266300256264
17.60172244757330,78.12662996000730
17.601725482523000,78.12662989610100
17.601728536532700,78.12662983187280
17.60173161198810,78.12662975513870
17.60173474366470,78.12662968260610
17.601737893527500,78.12662960420010
17.601741072531300,78.12662953109900
17.601744276729500,78.1266294628766
17.60174749175330,78.12662938863810
17.601750728459100,78.1266293215998
17.601754007392800,78.12662925593630
17.601757315032800,78.12662918957030
17.60176064451090,78.12662912028950
17.601764007071900,78.12662904781280
17.601767386462600,78.12662896804160
17.60177079102860,78.12662889599420
17.60177423900270,78.12662881402990
17.601777720545300,78.12662873692350
17.60178122755910,78.12662866291090
17.601784760197600,78.12662857311150
17.601788325437900,78.12662850497500
17.601791905835900,78.12662843778620
17.601795524619400,78.12662835677900
17.601799156160500,78.12662829472700
17.601802829397100,78.1266282073511
17.60180652590030,78.12662812027640
17.60181024476520,78.12662804410900
17.601814000643900,78.12662795462570
17.60181778257730,78.12662788413350
17.601821597694800,78.12662780859930
17.601825458021200,78.12662772543950
17.601829324605100,78.12662762706010
17.601833230368800,78.12662753222360
17.601837167458500,78.12662743680610
17.601841131506700,78.12662735648850
17.60184511746280,78.12662732108900
17.60184910836650,78.12662728162020
17.601853120665000,78.12662724071690
17.601857174214300,78.12662716630270
17.601861296819700,78.12662706734980
17.601865436265500,78.12662699536240
17.601869576926800,78.12662694753970
17.601873720333600,78.12662689989260
17.601877865932500,78.12662683165080
17.601882012221500,78.12662675003610
17.601886147236500,78.12662665653090
17.60189023758610,78.12662656718680
17.601894301622000,78.12662648769520
17.60189836285670,78.12662641777610
17.601902413705900,78.12662635888150
17.601906460056700,78.12662630775580
17.601910486335900,78.12662624862440
17.601914519793500,78.12662617060600
17.601918546967300,78.12662610608510
17.601922572917500,78.1266260471007
17.60192659940280,78.1266259847698
17.601930626657100,78.12662592182250
17.601934654301700,78.12662585730160
17.60193866248120,78.12662576791710
17.601942656314700,78.12662570594670
17.601946641532400,78.12662563083340
17.601950611138200,78.12662557608590
17.601954564711300,78.12662552587820
17.60195849277500,78.12662547877600
17.60196239672560,78.12662542853970
17.601966294563700,78.12662536500070
17.601970189082700,78.12662531322400
17.601974076916200,78.12662526138920
17.601977961151100,78.12662521195820
17.601981843398500,78.12662515941520
17.601985725347600,78.12662511027900
17.60198960786540,78.1266250609908
17.60199348800510,78.12662502379900
17.601997369832200,78.1266249769911
17.60200125145180,78.1266249388583
17.602005135847800,78.12662490453890
17.60200903721810,78.12662486369260
17.602012937310000,78.1266248230072
17.60201683682920,78.12662478267650
17.602020739616500,78.12662473201890
17.60202466960350,78.12662467894060
17.602028605813000,78.12662462454140
17.602032539974800,78.12662456736660
17.602036476083800,78.12662447479860
17.602040411292300,78.12662438735920
17.602044340574500,78.12662429590560
17.602048261312600,78.12662420301740
17.602052182050700,78.12662411486320
17.602056106390300,78.12662403033570
17.602060018983300,78.12662397749640
17.602063940108100,78.12662392763270
17.602067880622100,78.12662386717070
17.60207184589850,78.12662380031210
17.602075812880600,78.12662373198650
17.602079782885600,78.12662365427930
17.602083759424500,78.12662356398360
17.602087735963400,78.12662347275260
17.602091703143000,78.12662340613260
17.602095657130600,78.12662335953180
17.602099607204800,78.12662329330960
17.60210355079410,78.12662319910420
17.602107502420000,78.12662310665270
17.602111467610000,78.12662301244730
17.60211542662990,78.12662291824190
17.602119376543700,78.126622827664
17.602123316853100,78.12662272413680
17.602127233315900,78.12662261939990
17.602131130073500,78.12662251560960
17.60213499984810,78.12662239314030
17.602138850746100,78.12662227821080
17.602142678169500,78.12662216225880
17.602146502136600,78.12662204608790
17.60215031658790,78.12662194256790
17.60215413408150,78.12662183043700
17.60215794827780,78.12662172914340
17.60216174403830,78.12662163556430
17.602165532418800,78.12662153559350
17.60216930440070,78.12662144514800
17.602173063551800,78.12662135516300
17.602176790962400,78.12662126152740
17.602180488882100,78.12662116923880
17.602184173285200,78.12662107812550
17.602187834318100,78.12662098909280
17.60219147308290,78.12662090944350
17.60219509130780,78.12662083528920
17.602198707907700,78.12662074610240
17.602202317865600,78.12662065722190
17.60220591650340,78.12662057246530
17.602209483788100,78.12662049042780
17.60221303690020,78.12662041493220
17.602216567216600,78.12662033141470
17.60222007782970,78.12662024863690
17.60222356960610,78.12662017984000
17.602227046034200,78.12662010877090
17.602230512274100,78.12662003195990
17.602233969514800,78.12661995243630
17.602237412531500,78.12661987263530
17.60224083102450,78.12661978360440
17.602244238363400,78.12661969627050
17.602247624346500,78.12661960701950
17.6022509955129,78.1266195130133
17.602254353402200,78.12661941715900
17.602257683901300,78.12661932794070
17.602260995503600,78.12661924147630
17.602264276037800,78.12661915565400
17.602267535680700,78.12661906398590
17.602270767082300,78.12661896788530
17.602273979183100,78.12661886490310
17.60227716892190,78.12661876965870
17.60228033959770,78.12661867175840
17.602283488047000,78.12661857283600
17.60228662837510,78.12661847346610
17.602289761189800,78.126618368304
17.602292876641200,78.12661826394470
17.602295969998000,78.12661815937350
17.602299041861200,78.12661806409130
17.60230210696380,78.12661796860410
17.60230515325930,78.12661787890110
17.60230819487850,78.1266177883137
17.602311234627900,78.12661768917010
17.602314276215600,78.1266175752122
17.602317330104900,78.12661745680330
17.602320379836100,78.12661733570920
17.60232343554560,78.12661721349190
17.60232649148950,78.12661709547370
17.60232953573480,78.12661697894760
17.602332577707000,78.12661686074880
17.60233561917440,78.12661674258680
17.602338660907600,78.1266166220853
17.60234170264080,78.12661650060400
17.602344744228500,78.12661637992920
17.602347786089900,78.1266162572313
17.602350827975100,78.12661613364030
17.60235386830980,78.12661601347730
17.602356910596900,78.12661587269550
17.602359964241100,78.12661572644320
17.602363014384400,78.12661559527060
17.602366066053400,78.12661546404750
17.60236911333650,78.12661534085340
17.60237216347990,78.1266152212323
17.602375207419900,78.12661510614100
17.60237825228440,78.12661499248050
17.60238129094350,78.12661489255050
17.602384332265300,78.12661479998890
17.60238737543480,78.1266147107756
17.602390421691600,78.12661462110920
17.602393462171800,78.12661453399980
17.602396501215400,78.12661445267560
17.602399537128600,78.12661437663970
17.602402575374200,78.12661431142960
17.602405614282300,78.1266142539204
17.602408653044900,78.12661420188990
17.602411694201600,78.12661415027520
17.60241473077740,78.12661410028440
17.60241773630420,78.1266140593225
17.602420725520200,78.12661403122460
17.602423715081000,78.12661399755750
17.602426700822900,78.12661396419400
17.602429684936700,78.12661393816880
17.602432665543400,78.12661392928560
17.602435643000600,78.12661391781480
17.60243859699860,78.1266139147284
17.602441538232900,78.12661391139540
17.602444478505400,78.12661390726720
17.602447413791600,78.12661391506660
17.602450338163900,78.12661390983150
17.602453246992600,78.12661390705680
17.60245615585790,78.12661391444700
17.60245905897110,78.12661392303390
17.602461961091100,78.12661394808220
17.60246486150380,78.12661398242860
17.60246775636780,78.12661402118900
17.602470650651800,78.12661405583570
17.60247354314640,78.12661409283710
17.602476420753500,78.12661413346630
17.602479284384600,78.12661417738410
17.602482136068500,78.1266142368158
17.602484980223300,78.12661433983340
17.60248782442660,78.12661445113450
17.602490662477400,78.1266145645038
17.602493496568000,78.12661467722020
17.602496330436700,78.12661480167500
17.602499160135200,78.12661498266600
17.60250197924450,78.12661518290570
17.602504791384800,78.12661539056060
17.602507602186600,78.1266156037741
17.602510413192500,78.12661582374670
17.60251322144700,78.12661604885110
17.602516026303800,78.12661627733430
17.60251880878270,78.12661653687820
17.602521588737700,78.12661681469340
17.602524369201300,78.12661710879360
17.60252714304900,78.12661742854810
17.602529905204200,78.12661777062030
17.602532665884700,78.12661812386570
17.60253542922270,78.12661849157580
17.60253819101220,78.12661887507510
17.602540963232700,78.12661928091360
17.60254373544420,78.12661970486700
17.602546502765900,78.12662014158790
17.60254926836330,78.12662059143770
17.602552016241700,78.12662105453870
17.602554794005900,78.12662155914930
17.60255757941670,78.12662209393760
17.60256035665940,78.12662265639210
17.602563108121200,78.1266232341774
17.60256585168880,78.12662386134630
17.60256859327440,78.12662452063680
17.60257133479740,78.12662524551150
17.602574089052400,78.12662603943300
17.60257680164780,78.12662688358210
17.602579512334700,78.12662776630800
17.60258223682670,78.12662864083020
17.602584960359400,78.12662951847670
17.60258767893820,78.12663039969160
17.602590387406700,78.12663132189230
17.602593087151900,78.12663224676100
17.602595786382600,78.12663319464180
17.602598495803000,78.12663415851880
17.60260119318040,78.1266351414918
17.602603888554400,78.12663614693790
17.60260659534000,78.12663720352200
17.602609333770100,78.12663829915300
17.602612063849500,78.12663943977770
17.602614785277600,78.1266406016089
17.602617517539500,78.12664181416550
17.602620269810700,78.12664311353740
17.602623006744200,78.12664446159060
17.60262574343530,78.12664588928620
17.60262846775130,78.12664733195080
17.602631172630600,78.12664879946260
17.602633865433900,78.12665028179490
17.602636522614300,78.12665181374660
17.602639139594000,78.12665339180660
17.60264173625640,78.12665506091060
17.602644306847000,78.1266567721726
17.602646877402100,78.126658525494
17.602649526131900,78.12666038795390
17.602652186431400,78.12666231814500
17.60265482813800,78.12666434961820
17.60265745006070,78.12666639518740
17.602660047069800,78.12666847662620
17.60266262127170,78.12667072255500
17.6026651914224,78.12667285369480
17.60266768160490,78.12667502003820
17.602670138057600,78.12667734961160
17.602672569012800,78.12667959928610
17.602674978731800,78.12668187535820
17.60267758156340,78.12668419050130
17.60268036743840,78.12668667809860
17.602683149732500,78.12668921509230
17.60268570279340,78.1266916600048
17.602688225751500,78.12669413011490
17.602690753040300,78.12669672277640
17.602693273932700,78.12669937981160
17.602696012790500,78.12670206898190
17.60269845110810,78.1267047705207
17.602700852887700,78.12670752177390
17.60270324546520,78.12671028799380
17.602705600863700,78.12671307122510
17.602707843539300,78.12671589082610
17.602710062863500,78.12671873040500
17.60271211202080,78.12672158378730
17.60271413426630,78.12672451693930
17.602716246991600,78.12672745570480
17.602718264761800,78.1267304039867
17.602720255193000,78.12673346254450
17.60272224221910,78.12673653909000
17.602724098358500,78.12673962585750
17.602725954238300,78.1267427948918
17.60272788005310,78.12674606419270
17.60272972130290,78.12674932405700
17.60273145787520,78.12675258426890
17.602733097149100,78.12675582524080
17.602734676387300,78.12675913048970
17.6027361940629,78.12676244131080
17.602737709221400,78.12676578504530
17.602739155168100,78.12676913052060
17.602740589034500,78.126772522555
17.60274199640610,78.12677594382160
17.60274337348570,78.126779400012
17.60274473447820,78.12678288355740
17.602746003302000,78.126786399882
17.602747220241000,78.12678995782830
17.60274828610040,78.12679351754570
17.602749321432800,78.12679715031040
17.602750253285600,78.12680081774330
17.602751157395500,78.12680453851000
17.602752059885100,78.12680829620650
17.60275295259040,78.12681208762490
17.602753843351300,78.12681587687770
17.602754721883400,78.12681967673250
17.602755580469200,78.12682347725920
17.6027564338136,78.12682729984220
17.602757250666200,78.1268311370079
17.602758022445000,78.12683497394260
17.60275877263830,78.12683881087730
17.602759486445800,78.12684264349170
17.602760204395200,78.12684646016750
17.60276090203330,78.1268502657177
17.602761574970200,78.12685405589960
17.602762214817100,78.1268578427829
17.60276284402840,78.1268616275497
17.60276347297120,78.12686541135210
17.60276407185080,78.12686917387710
17.602764607008300,78.12687293437690
17.60276511188430,78.12687669348270
17.60276559804830,78.12688044746920
17.602765959594500,78.12688420035640
17.602766292101800,78.12688795960260
17.60276662374530,78.12689173395280
17.602766883456600,78.12689548730140
17.602767106519200,78.12689912664900
17.60276726742130,78.12690271197730
17.602767385011200,78.12690625701010
17.60276742402060,78.12690980398510
17.602767490413000,78.12691340421700
17.6027675024515,78.12691703396140
17.602767451231700,78.12692057307380
17.60276736664810,78.12692407756650
17.602767228449800,78.12692759623290
17.60276706840710,78.12693111015010
17.602766912057900,78.12693462900720
17.602766726772000,78.12693816014260
17.602766502404000,78.12694165756090
17.602766224377300,78.12694514180170
17.60276593584650,78.12694866948140
17.60276560511570,78.1269521656935
17.602765188968200,78.12695559239910
17.60276475492400,78.126959007339
17.60276430848360,78.12696241924680
17.60276378100350,78.12696583001510
17.602763113942000,78.1269692340918
17.60276244188640,78.1269726195216
17.602761759892000,78.12697599238700
17.60276102935950,78.12697936452720
17.602760260073700,78.12698270838670
17.602759452140000,78.12698602098770
17.6027586047614,78.12698933041510
17.602757743470600,78.1269926048201
17.602756840086900,78.12699577250740
17.602755875141200,78.12699889412460
17.60275483740230,78.12700200193950
17.602753779087900,78.12700508528840
17.602752678082200,78.12700815670650
17.60275155412060,78.12701120755390
17.602750398573800,78.12701426135220
17.60274921877370,78.12701730144840
17.602748010293000,78.12702031716430
17.602746781115700,78.12702330628850
17.602745441909,78.12702627734380
17.60274408161380,78.12702926151850
17.602742722224700,78.12703224965000
17.602741244135800,78.12703523598590
17.602739751743800,78.12703820963190
17.60273823509630,78.12704118435580
17.60273672590870,78.12704408281110
17.602735195934500,78.12704688375830
17.602733639401000,78.12704966737720
17.60273207053360,78.1270524364725
17.602730449724400,78.12705518258980
17.60272882148260,78.12705792248980
17.602727145970300,78.12706067555560
17.60272540497180,78.12706342599180
17.602723574908400,78.12706617729470
17.602721731198400,78.12706889828280
17.602719893209500,78.12707158533660
17.602718053213800,78.12707425931690
17.602716200218900,78.1270769161564
17.602714222910300,78.12707941541130
17.602712181962700,78.12708167541270
17.60271012375710,78.12708383822980
17.60270806034870,78.12708592896040
17.602705926202700,78.12708799987590
17.602703726742800,78.12709004972860
17.602701500765900,78.12709208581780
17.602699269900600,78.12709411064750
17.60269694810100,78.12709613337350
17.602694591761100,78.12709815274430
17.602692196569100,78.12710016369390
17.602689781176600,78.12710213626940
17.6026873587142,78.1271040913287
17.602685006068900,78.12710596313310
17.602682653749300,78.12710774233980
17.6026803023074,78.1271094932099
17.602677923444400,78.12711118498660
17.602675530959300,78.12711287684440
17.602673105366900,78.12711456517830
17.602670662282400,78.12711624893700
17.602668206446000,78.12711792918340
17.60266565326070,78.12711959905170
17.602663105378700,78.12712126085500
17.602660556263900,78.12712295677700
17.602658026426600,78.12712464657970
17.60265559282840,78.12712628431820
17.602653152636700,78.12712791893900
17.602650788810200,78.12712955516530
17.602648460651000,78.12713129857170
17.602646070078900,78.12713277831830
17.60264356916290,78.12713420573820
17.602641042945100,78.12713557447790
17.602638445698200,78.12713690713630
17.602635829438500,78.127138184699
17.602633190993400,78.12713948338290
17.602630521715300,78.12714076305840
17.602627798530600,78.12714204667110
17.602625051327300,78.12714325355510
17.602622287789400,78.12714442931460
17.60261953235360,78.12714556966970
17.602616747208300,78.12714657618880
17.602613928209400,78.12714756410020
17.60261108804900,78.1271485486127
17.602608220490700,78.1271495112646
17.602605335245700,78.12715043959070
17.60260244045750,78.12715134735960
17.60259952967940,78.12715222851180
17.602596601666400,78.12715307519490
17.602593639959700,78.12715388791660
17.60259066159300,78.12715465417620
17.602587658555700,78.12715539902290
17.602584642484800,78.12715609623550
17.602581621154200,78.12715675670320
17.602578593958300,78.12715732905180
17.60257556819590,78.12715787465740
17.602572505759200,78.12715836738090
17.602569432717200,78.1271587835045
17.602566355044600,78.12715917572650
17.602563280590600,78.1271595523507
17.602560190414400,78.12715985552000
17.60255708290990,78.1271601337734
17.6025539464947,78.12716035918720
17.602550784440500,78.12716051752500
17.60254756778850,78.12716064179960
17.602544313746300,78.12716074309250
17.602541032182300,78.1271608227477
17.602537746433000,78.12716083154430
17.602534453463700,78.12716081546500
17.602531171395200,78.12716078895090
17.60252786516900,78.12716073891220
17.602524555649800,78.12716065879930
17.60252122227090,78.12716054933830
17.602517878083000,78.12716042212430
17.60251447904840,78.12716025174870
17.602511046312700,78.12716007156180
17.602507598225400,78.12715985673380
17.60250414203830,78.12715961408590
17.60250066266750,78.12715935814730
17.602497164073000,78.12715909993030
17.60249365140050,78.1271588378324
17.602490137953700,78.12715856629770
17.60248659545650,78.12715829064620
17.602483034943600,78.12715800278940
17.602479444552600,78.12715767427130
17.602475823531400,78.12715734066830
17.602472175522400,78.12715698595350
17.602468520631500,78.12715655381810
17.602464907545100,78.12715619861590
17.602461221988500,78.12715582454360
17.602457694401300,78.12715537149290
17.602453950934000,78.12715499185380
17.602450184731400,78.12715463140300
17.602446394364500,78.12715425073870
17.60244257709810,78.12715389017420
17.602438750814800,78.12715350833580
17.602434921917600,78.12715312550170
17.602431297562400,78.12715274151070
17.602427532773200,78.12715236657390
17.60242368212590,78.12715203111260
17.60241971543180,78.12715164181930
17.602415729443700,78.12715125099820
17.60241179764470,78.12715085537680
17.602407881969800,78.12715044784900
17.602404069892000,78.12715004172530
17.602400265696600,78.1271496393212
17.602396465608200,78.12714923452560
17.602392660893800,78.12714882876550
17.60238885703150,78.12714842765370
17.60238505512420,78.12714801830460
17.602381265929500,78.12714760341090
17.602377390050100,78.12714718116750
17.60237345027470,78.12714672046530
17.602369569056700,78.12714626512500
17.60236555878080,78.1271458456274
17.602361605656900,78.12714543212720
17.60235765201820,78.12714497511400
17.60235372362960,78.12714455276690
17.602349823131500,78.12714409421360
17.602345922756300,78.12714363598950
17.602342022445300,78.12714321555210
17.60233807655540,78.12714280190500
17.602334035570600,78.1271423727624
17.602329955756200,78.12714191543270
17.60232601517360,78.12714146036140
17.602322057477000,78.12714099623360
17.60231811222740,78.12714054639090
17.602314117856400,78.12714008644480
17.602310140383000,78.12713960070370
17.602306154171000,78.12713910533290
17.602302144500700,78.12713860027930
17.60229809938660,78.12713809173950
17.602294030056100,78.12713759693740
17.602289948432700,78.12713709137310
17.602285864989200,78.12713659727580
17.60228175262890,78.12713611185160
17.60227761514180,78.12713562374070
17.602273453673300,78.1271351316997
17.602269289459100,78.12713464389890
17.602265136276600,78.12713415549050
17.602260975720700,78.12713367022620
17.602256808229100,78.12713318792490
17.602252626077800,78.12713270333860
17.60224841009870,78.12713222969530
17.602244175390400,78.1271317463121
17.60223991663030,78.1271312629868
17.602235645967900,78.12713079200690
17.602231357744800,78.12713032227600
17.602227070886800,78.12712984879180
17.602222759499700,78.12712937430350
17.602218427069000,78.12712890315930
17.60221409463830,78.12712842010950
17.602209740032700,78.12712793626930
17.602205381853300,78.127127450976
17.602201022265200,78.12712696467640
17.602196637160600,78.12712648013310
17.602192231079300,78.12712601799490
17.602187819340400,78.12712555085170
17.602183406157600,78.12712507512390
17.60217896701960,78.1271246129454
17.602174508255900,78.1271241512893
17.602170029776,78.12712373808160
17.60216553417990,78.12712332681780
17.602161021838400,78.1271229077049
17.60215648689540,78.12712248715840
17.60215194859320,78.12712206618070
17.602147407624300,78.12712164597910
17.60214285492560,78.127121227236
17.60213829297880,78.12712082726020
17.602133720466300,78.12712040808580
17.60212914626010,78.12711998891150
17.6021245606306,78.12711956973710
17.602119967362600,78.12711914798990
17.602115360681700,78.12711871076410
17.602110728261200,78.12711828545330
17.60210608866450,78.12711785956610
17.602101438705400,78.1271174324271
17.602096770984500,78.12711700024010
17.602092104140400,78.12711657141610
17.60208744605690,78.12711614515910
17.60208277462660,78.12711575260400
17.60207808476800,78.12711535791660
17.602073369346500,78.12711496533380
17.602068654472100,78.12711457257260
17.602063896720700,78.12711417915
17.602059156953500,78.12711378569020
17.60205443029780,78.12711335629970
17.60204971491740,78.12711292638160
17.602044997675600,78.12711249452630
17.60204027481680,78.12711206358480
17.602035555117200,78.1271116304488
17.60203080053110,78.1271112010958
17.602026024796900,78.12711076912660
17.60202122551120,78.12711033835740
17.602016416693000,78.12710990741580
17.60201159726790,78.1271094754466
17.60200678319040,78.12710904360320
17.602001984215,78.1271086124613
17.601997189498700,78.12710818131940
17.601992398791600,78.12710774914620
17.60198762144890,78.12710731557390
17.60198283890740,78.12710688204380
17.601978063173300,78.12710644766240
17.60197328124270,78.1271060146854
17.601968491955200,78.12710558204590
17.601963690802400,78.12710514875160
17.601958894665,78.12710471693190
17.601954105136300,78.12710428585940
17.601949304949500,78.12710385280510
17.601944508901900,78.12710341552260
17.601939735286600,78.12710297745230
17.60193495562320,78.12710246731660
17.601930178195700,78.12710199483970
17.601925394336800,78.12710152359420
17.601920603711400,78.1271010508195
17.60191581311820,78.12710057735910
17.601911030379500,78.1271001151048
17.60190627030960,78.12709968300940
17.601901496737900,78.12709924956560
17.601896722865200,78.12709885189360
17.601891955521700,78.1270984558101
17.60188719516820,78.12709806079830
17.601882443242000,78.12709766673610
17.601877700096200,78.1270972703381
17.601872962218900,78.12709687394010
17.601868231417800,78.12709647656940
17.60186351047880,78.12709608021340
17.601858806330800,78.12709564910040
17.601854109246700,78.12709522611640
17.60184944898280,78.12709479364950
17.60184478088690,78.12709436157860
17.60184012339050,78.12709392911160
17.601835470035600,78.12709349793520
17.601830835946300,78.12709307284880
17.601826233056800,78.12709264963690
17.601821636470800,78.12709224255590
17.601817063251700,78.12709181977110
17.601812522608000,78.12709140068350
17.60180798417300,78.12709100735130
17.601803450901500,78.12709061730440
17.601798951918700,78.12709022760600
17.601794464077000,78.12708984218770
17.60179000056380,78.12708945903030
17.601785586907700,78.12708909566430
17.601781197287200,78.12708873224920
17.601776834556500,78.12708833565170
17.60177250158470,78.12708793936620
17.60176820548200,78.12708754094890
17.601763943400400,78.12708714208730
17.60175971969540,78.12708674301540
17.601755528320700,78.12708634454270
17.60175137125950,78.12708598090520
17.601747252612500,78.12708561652360
17.601743139042500,78.1270852590573
17.6017390626713,78.12708490072850
17.60173500762330,78.12708454487680
17.601730956434800,78.12708419369770
17.601726953583000,78.12708384024230
17.601722971539400,78.12708350391300
17.601719036449000,78.12708317021420
17.60171511576580,78.12708282298840
17.601711208643500,78.127082490266
17.601707326399700,78.12708214281450
17.60170344859500,78.127081809026
17.601699559708500,78.12708148013230
17.60169568461530,78.12708115096350
17.60169179372610,78.12708083313260
17.601687924222200,78.12708051390750
17.601684065404400,78.12708018768900
17.60168022146460,78.12707986101240
17.601676394717100,78.12707953371450
17.601672578855000,78.12707920702400
17.601668794242600,78.1270788964079
17.60166502556820,78.12707857423240
17.601661312387300,78.12707825021590
17.60165759798830,78.12707792762160
17.601653922432100,78.12707760558190
17.6016502847401,78.12707728174780
17.601646697463800,78.12707696606120
17.60164314908890,78.12707666054500
17.601639665354500,78.12707636301570
17.601636223631400,78.12707608221160
17.601632840103900,78.12707580451840
17.601629496472100,78.12707553478490
17.601626197077400,78.12707528190720
17.60162293651400,78.12707504810880
17.60161970939780,78.12707481732390
17.601616521464900,78.12707459129810
17.601613375326600,78.12707437411620
17.60161025117980,78.12707415820270
17.601607161562300,78.12707393879050
17.601604089310100,78.12707373389440
17.601601043760500,78.12707352633770
17.601598021340000,78.12707330743760
17.601595030648100,78.12707308671060
17.60159207210460,78.12707286523350
17.601589140488800,78.12707264039940
17.601586227958900,78.12707241896640
17.601583360727100,78.12707219783130
17.601580521845000,78.12707197564820
17.601577702040900,78.1270717670125
17.601574899529200,78.1270715632326
17.601572121083000,78.12707135609980
17.601569362820500,78.1270711503834
17.601566629705300,78.12707094714280
17.601563915785500,78.12707074170930
17.601561232610600,78.12707053687870
17.601558574285500,78.12707033511790
17.60155593401870,78.12707013703660
17.601553297989500,78.12706994629660
17.601550675950100,78.12706977255230
17.601548084767200,78.12706959971380
17.60154551229790,78.12706942747850
17.601542961964400,78.12706925373830
17.601540414779000,78.12706907972800
17.601537890069300,78.12706890514340
17.60153536977660,78.12706871299500
17.601532870340700,78.12706852476130
17.601530395174900,78.12706835617600
17.60152792244820,78.12706818967630
17.60152546443880,78.12706802502540
17.601523017338300,78.12706785869470
17.60152059641480,78.12706769394470
17.601518181274500,78.12706752976910
17.601515789421400,78.12706736359700
17.601513410046900,78.1270671963645
17.60151103400270,78.12706703192540
17.60150866145140,78.1270668688656
17.6015062914215,78.12706671754980
17.60150394414800,78.12706656848960
17.601501589287800,78.12706642069740
17.6014992438755,78.12706627026700
17.601496906492300,78.1270661181228
17.60149457887110,78.12706596504190
17.601492260161500,78.12706581425320
17.601489960420500,78.127065662467
17.601487666695000,78.12706550428850
17.601485400692400,78.12706533577760
17.60148313885270,78.12706515315790
17.601480905105900,78.12706495153050
17.601478714800600,78.12706473927910
17.601476534945300,78.12706452034660
17.601474354237500,78.12706430107620
17.6014721729216,78.12706407576840
17.6014699930727,78.12706382852470
17.601467812748100,78.12706356809720
17.60146563012810,78.12706328061100
17.6014634524035,78.1270629551316
17.601461272321400,78.1270626252184
17.601459092239400,78.1270622840917
17.60145691455970,78.12706193860260
17.60145473832570,78.12706156452430
17.601452571438400,78.12706114725230
17.60145040805740,78.12706072069610
17.601448245756500,78.1270602858625
17.60144608665430,78.12705982982060
17.601443929233900,78.12705934152230
17.601441787274100,78.12705878468160
17.60143964673900,78.12705818027150
17.601437510330500,78.12705757542560
17.60143537799380,78.12705694053080
17.601433245835100,78.12705630750800
17.601431123886200,78.1270556676994
17.601429031025300,78.12705499202090
17.60142696748240,78.12705426248180
17.601424907677000,78.12705346516470
17.601422858755400,78.12705260886160
17.601420822426400,78.12705169693920
17.601418827690100,78.12705077101640
17.601416835654700,78.127049820223
17.601414849130300,78.1270488364195
17.601412897043600,78.1270478261179
17.60141095527040,78.1270468027145
17.60140904075400,78.1270457528176
17.601407123486900,78.12704469608750
17.6014052126414,78.12704359875210
17.60140332019210,78.12704244585230
17.601401440870300,78.12704128755900
17.60139956853720,78.12704010484060
17.601397711187000,78.12703890276390
17.60139587195980,78.12703767519640
17.601394061898900,78.12703644269670
17.601392336908600,78.12703517027660
17.601390574354100,78.12703388112230
17.601388782157200,78.12703257921360
17.601387059321400,78.12703127158760
17.601385333085000,78.12702995875000
17.60138361323420,78.12702860372130
17.60138193887160,78.12702722740940
17.60138028622810,78.12702581516830
17.601378640046400,78.12702435787970
17.601377000858000,78.12702289423080
17.60137539365320,78.12702140749840
17.601373850220700,78.12701991138200
17.601372327497700,78.12701841113510
17.601370811025900,78.12701691546430
17.601369290986000,78.12701540211440
17.601367781508300,78.12701387153470
17.601366280470100,78.12701233438640
17.60136478036780,78.12701077651390
17.60136330749810,78.12700921302370
17.601361866374300,78.12700763866160
17.601360435456800,78.12700601251760
17.601359021279300,78.12700398937180
17.601357645250500,78.1270023488874
17.601356334094800,78.12700069622560
17.60135507481430,78.1269990478192
17.60135384142440,78.12699741276340
17.601352616270000,78.1269957738868
17.601351400049800,78.12699413852220
17.601350185192000,78.12699250182940
17.60134898321810,78.12699086674180
17.601347772482400,78.12698917492800
17.601346559789200,78.12698743447610
17.601345354638200,78.12698563536210
17.60134416181370,78.12698382526390
17.601342952332400,78.12698200057090
17.601341743171500,78.12698012761950
17.60134055084180,78.12697824864640
17.601339402715600,78.12697636798770
17.60133824410100,78.12697447713920
17.60133708291770,78.12697257250920
17.6013359128082,78.12697065497260
17.60133475957310,78.12696864916060
17.6013336188522,78.12696665852520
17.601332493078800,78.12696465530180
17.601331401756200,78.12696264139750
17.601330294922100,78.12696062083810
17.601329176055400,78.12695854836310
17.601328067394500,78.12695646086240
17.60132695416310,78.12695436479180
17.601325843683600,78.12695220768280
17.60132474458030,78.12695004238920
17.6013236578954,78.12694786388580
17.601322589587300,78.12694567152870
17.601321528056400,78.12694346987950
17.601320471388700,78.12694125832880
17.601319435778600,78.12693909484800
17.60131841220380,78.126936901382
17.601317399026900,78.1269346937915
17.601316394419200,78.1269324659771
17.60131538781920,78.1269302271398
17.60131440560300,78.1269279600981
17.60131343027100,78.12692568254590
17.60131245353680,78.12692338441420
17.60131150458930,78.12692107256860
17.60131057749370,78.1269187580331
17.601309710331900,78.12691642675120
17.601308906302300,78.1269141277944
17.60130812618060,78.1269118212319
17.60130735155350,78.12690950086320
17.601306580413700,78.12690715381700
17.601305811172600,78.12690478582110
17.60130504046560,78.12690234919050
17.601304290504900,78.12689990602690
17.60130357339520,78.12689744715510
17.601302868673400,78.12689493489110
17.601302179399800,78.12689239239030
17.601301501991700,78.1268898180386
17.601300859219400,78.12688720911230
17.601300276267600,78.12688456944260
17.601299714855700,78.1268819180471
17.601299148610300,78.12687924599820
17.60129862961220,78.126876571338
17.60129813268600,78.12687389274790
17.60129764943120,78.1268712163726
17.601297192216900,78.12686852373540
17.60129676563810,78.12686583059690
17.601296360215700,78.12686311420230
17.601295994333100,78.12686039452680
17.6012956555262,78.12685765613980
17.60129537857760,78.12685490362420
17.60129521044180,78.12685212303830
17.601295063219700,78.12684929994540
17.60129495223470,78.12684647099510
17.601294843308500,78.12684360529120
17.60129479348330,78.1268407322924
17.601294777955300,78.12683785420630
17.601294758190400,78.12683497673540
17.60129475520640,78.12683209795380
17.601294786912600,78.12682922038360
17.60129486168880,78.12682634359500
17.601294966384400,78.12682346666150
17.60129509905150,78.12682062734850
17.601295282942700,78.12681778846930
17.60129550348180,78.126814961683
17.601295764724000,78.12681213852980
17.60129604378270,78.12680931504560
17.601296350210100,78.12680649130120
17.6012966938281,78.12680365879250
17.60129704494370,78.12680082481430
17.601297422170900,78.12679799220580
17.601297818776900,78.12679517741120
17.60129825576790,78.1267923786832
17.601298718716900,78.1267895936895
17.60129920007010,78.12678682301600
17.60129969496160,78.12678406711040
17.60130020987700,78.12678131597110
17.60130075619880,78.12677858086800
17.601301324750500,78.12677589145880
17.601301932447700,78.12677321954740
17.601302553462100,78.12677057461220
17.60130317925010,78.12676793795110
17.601303851172900,78.12676531904980
17.601304559871500,78.12676271031570
17.60130527016860,78.12676009873000
17.60130598134890,78.12675749453020
17.60130673344710,78.12675489827730
17.601307520483800,78.12675233800760
17.60130832171720,78.12674978465520
17.6013091277007,78.12674722866340
17.60130993568480,78.1267446785463
17.601310781032200,78.12674215573220
17.601311629663900,78.12673966568090
17.601312496124300,78.12673719873790
17.601313414584300,78.12673474983000
17.601314344256800,78.12673231117680
17.60131528620970,78.1267298940369
17.60131622407610,78.1267274911824
17.60131717243630,78.12672509706850
17.601318111300300,78.12672270315800
17.601319045721500,78.12672032444710
17.601320026659300,78.12671795414200
17.601321018719400,78.12671559913770
17.601322019279200,78.12671326549250
17.6013230888853,78.1267109462517
17.601324154102600,78.12670863838050
17.601325220647300,78.12670637967710
17.601326325424400,78.12670414155420
17.601327444943000,78.12670198429290
17.60132856282920,78.12669986305960
17.601329687752500,78.12669776779540
17.601330823175100,78.12669568659150
17.601331976165400,78.12669361665530
17.60133317344710,78.12669156229470
17.601334424457700,78.12668952445320
17.601335719225900,78.12668748748920
17.601337019777800,78.12668544708910
17.601338329222900,78.12668341254120
17.601339641866100,78.12668145343540
17.601340950264100,78.12667952911540
17.60134228652820,78.12667761515540
17.601343639814900,78.12667569991830
17.601345045216000,78.12667378742890
17.601346481851200,78.12667190562410
17.601347935963700,78.12667004492940
17.60134937814290,78.12666820718000
17.60135082655810,78.12666640344180
17.601352280432700,78.12666461360320
17.601353733526700,78.1266628485738
17.601355194513300,78.12666109417050
17.60135667164620,78.12665937331860
17.60135817543790,78.1266576822155
17.601359669074900,78.12665600513080
17.601361146657100,78.12665435610200
17.60136261172530,78.12665276127720
17.60136409694410,78.1266512080629
17.601365603690400,78.12664969445420
17.601367115059200,78.12664820192090
17.60136865501660,78.12664672920220
17.601370228547800,78.12664534181230
17.601371865294900,78.12664403552560
17.601373528821000,78.12664276439600
17.601375172258300,78.126641533162
17.601376804654800,78.12664030873690
17.60137844424270,78.12663913704790
17.60138010591190,78.12663801611980
17.601381778385300,78.12663693395590
17.601383455142300,78.12663586215820
17.601385109531900,78.1266348196732
17.601386739077800,78.12663382864190
17.601388352964500,78.12663285414190
17.601389961923000,78.12663190333480
17.60139158413610,78.12663102851220
17.601393225036,78.12663017210250
17.60139487493470,78.1266293369855
17.60139651582770,78.1266285377377
17.601398159455200,78.1266277810742
17.601399804787200,78.12662707138860
17.601401460245500,78.12662638706700
17.601403114107100,78.12662571565780
17.601404732709100,78.12662507012730
17.601406319687300,78.12662444048250
17.601407837983900,78.12662384063510
17.601409330886200,78.12662326570240
17.601410829628200,78.1266227720344
17.601412334930800,78.12662233410760
17.60141383119870,78.12662191957780
17.60141528912280,78.12662151084410
17.601416741888800,78.12662111310050
17.601418130736600,78.12662075428030
17.60141950131650,78.12662040146240
17.601420844258000,78.12662006419350
17.601422166498200,78.12661975578520
17.601423466166700,78.1266194669976
17.601424751913700,78.12661913465580
17.60142601542410,78.12661889580390
17.601427275429100,78.12661866403430
17.601428533691400,78.12661845766400
17.60142979116930,78.1266182604315
17.601431044780900,78.12661807558170
17.601432300096600,78.12661790549610
17.60143355352050,78.12661775705040
17.60143479211940,78.12661763033240
17.601436023645500,78.12661751435600
17.60143724354230,78.12661740071140
17.60143846320580,78.12661728660730
17.601439669439200,78.12661720471790
17.601440873377800,78.12661712564600
17.60144207731630,78.12661703735230
17.60144326352580,78.12661699570830
17.601444440776000,78.12661697987580
17.601445616626800,78.12661697590130
17.601446768581500,78.12661697488580
17.601447885644800,78.12661700328140
17.601448989588400,78.12661702064940
17.601450041414500,78.12661708367770
17.601451022157200,78.1266171036979
17.601451937891500,78.12661712533280
17.60145280267420,78.12661716264040
17.601453615325500,78.12661716731490
17.601454354552700,78.12661722986530
17.601454870715900,78.1266172507297
17.60145548597220,78.12661727707180
17.601456108712700,78.12661730383870
17.601456671886700,78.12661733312550
17.601457138201300,78.1266173664104
17.60145756098140,78.12661739809350
17.601457954927800,78.12661742969060
17.601458302775100,78.1266174601517
17.601458594591800,78.12661748680800
17.60145884345850,78.1266175142901
17.601459023355300,78.12661754177220
17.60145916472880,78.12661756925430
17.601459237260200,78.12661760789660
17.60145910710030,78.12661759770820
17.601459060127400,78.12661758751970
17.60145901313520,78.1266175773312
17.601458968663300,78.12661756714270
17.601458929708300,78.12661755695430
17.601458892172600,78.12661754676580
17.60145885412810,78.12661753657730
17.601458893797100,78.12661752638880
17.601458948515600,78.12661751620040
17.601459023665200,78.1266175060119
17.601459093836900,78.12661749582340
17.601459136499600,78.12661748563500
17.601459174909600,78.12661747544650
17.601459217156000,78.12661746525800
17.601459254757000,78.12661745506950
17.60145929301850,78.12661744488110
17.60145933623730,78.12661743469260
17.6014593742326,78.12661742450410
17.60145941222790,78.12661741431570
17.601459450249600,78.12661740412720
17.601459488271300,78.1266173939387
17.601459526532700,78.12661738375020
17.60145956194720,78.12661737356180
17.601459599042700,78.12661736337330
17.601459636404500,78.12661735318480
17.60145967849430,78.12661734299630
17.601459715563400,78.12661733280790
17.60145974605500,78.1266173226194
17.601459775443400,78.12661731243090
17.60145980423920,78.12661730224250
17.601459834823300,78.12661729205400
17.60145987014810,78.1266172818655
17.6014599005434,78.12661727167700
17.601459931765900,78.12661726148860
17.601459962886300,78.12661725130010
17.601459993361200,78.12661724111160
17.601460024481500,78.12661723092320
17.601460057649000,78.12661722073470
17.601460094282200,78.1266172105462
17.60146012290850,78.12661720035770
17.60146015095660,78.12661719016930
17.601460179046500,78.12661717998080
17.601460204374200,78.12661716979230
17.601460228765800,78.12661715960380
17.601460254908300,78.12661714941540
17.60146028158280,78.1266171392269
17.601460303402800,78.12661712903840
17.601460274025600,78.12661711885000
17.60146023351520,78.12661710866150
17.601460192739100,78.126617098473
17.601460151527500,78.12661708828450
17.60146010948530,78.12661707809610
17.60146006684440,78.12661706790760
17.601460023767900,78.12661705771910
17.601459980311500,78.12661704753060
17.601459934286800,78.12661703734220
17.601459893464400,78.1266170271537
17.6014598526421,78.12661701696520
17.60145980929940,78.12661700677680
17.60145976699110,78.12661699658830
17.601459778789500,78.12661698639980
17.601459791438400,78.12661697621130
17.601459761671800,78.12661696602290
17.601459718927900,78.1266169558344
17.601459677151400,78.12661694564590
17.60145963424430,78.12661693545750
17.601459592202200,78.12661692526900
17.601459551825100,78.1266169150805
17.60145951078280,78.12661690489200
17.60145947066670,78.12661689470360
17.601459429624500,78.12661688451510
17.601459387146700,78.12661687432660
17.601459343254800,78.12661686413810
17.601459299798400,78.12661685394970
17.6014592568913,78.1266168437612
17.601459215849100,78.12661683357270
17.601459174806800,78.12661682338430
17.60145913403080,78.12661681319580
17.601459090688100,78.12661680300730
17.601459048379700,78.12661679281880
17.60145900607140,78.12661678263040
17.60145896376310,78.12661677244190
17.601458922720800,78.12661676225340
17.601458880678700,78.12661675206500
17.60145884199780,78.12661674187650
17.601458803848800,78.126616731688
17.6014587644621,78.12661672149950
17.601458723383200,78.12661671131110
17.60145868416640,78.12661670112260
17.601458643523100,78.12661669093410
17.60145860287980,78.12661668074560
17.60145856109630,78.12661667055720
17.601458521613300,78.1266166603687
17.601458482130300,78.12661665018020
17.601458442647300,78.12661663999180
17.601458401568400,78.12661662980330
17.6014583603837,78.12661661961480
17.601458320900700,78.12661660942630
17.601458280257400,78.12661659923790
17.60145823961410,78.12661658904940
17.601458198535200,78.12661657886090
17.601458157891900,78.12661656867250
17.60145811724870,78.12661655848400
17.601458076605400,78.1266165482955
17.601458035526500,78.12661653810700
17.60145799488320,78.12661652791860
17.601457955400200,78.12661651773010
17.60145791475690,78.12661650754160
17.601457874113600,78.12661649735310
17.601457833034700,78.12661648716470
17.6014577935517,78.1266164769762
17.601457754334900,78.12661646678770
17.601457715118000,78.12661645659930
17.6014576759012,78.12661644641080
17.601457631608400,78.1266164362223
17.60145758847580,78.12661642603380
17.601457544714800,78.12661641584540
17.60145750095380,78.12661640565690
17.601457457821300,78.12661639546840
17.60145741833820,78.12661638528000
17.601457378855200,78.12661637509150
17.60145733963840,78.126616364903
17.601457300421600,78.12661635471450
17.601457260938500,78.12661634452610
17.601457221455500,78.12661633433760
17.60145718197250,78.12661632414910
17.601457142489500,78.12661631396060
17.601457103006500,78.12661630377220
17.601457063523500,78.1266162935837
17.60145702496660,78.12661628339520
17.6014569864097,78.12661627320680
17.60145694785280,78.12661626301830
17.60145690929590,78.1266162528298
17.60145686957880,78.12661624264130
17.60145682986160,78.12661623245290
17.60145679014450,78.12661622226440
17.60145675042730,78.12661621207590
17.60145671187050,78.12661620188740
17.601456673313600,78.12661619169900
17.601456634756700,78.1266161815105
17.601456597141000,78.12661617132200
17.601456558365100,78.12661616113360
17.601456519589100,78.12661615094510
17.601456480813100,78.12661614075660
17.601456442037200,78.12661613056810
17.60145640326120,78.12661612037970
17.601456365645600,78.1266161101912
17.60145632802990,78.12661610000270
17.601456290414200,78.12661608981430
17.6014562527985,78.12661607962580
17.601456214464300,78.1266160694373
17.60145617613020,78.12661605924880
17.601456137796000,78.12661604906040
17.6014560994618,78.12661603887190
17.601456061127600,78.12661602868340
17.60145602279350,78.12661601849490
17.601455984459300,78.12661600830650
17.6014559461251,78.126615998118
17.601455907790900,78.12661598792950
17.60145587061700,78.12661597774110
17.601455834374400,78.12661596755260
17.601455798131700,78.12661595736410
17.601455760728700,78.12661594717560
17.60145572332580,78.12661593698720
17.601455685922900,78.12661592679870
17.601455648519900,78.12661591661020
17.601455611117000,78.12661590642180
17.60145557371410,78.12661589623330
17.60145553631110,78.1266158860448
17.601455498908200,78.12661587585630
17.601455461505200,78.12661586566790
17.601455423703400,78.12661585547940
17.601455386300400,78.12661584529090
17.601455348897500,78.12661583510240
17.60145531149450,78.12661582491400
17.601455274091600,78.1266158147255
17.601455236688700,78.12661580453700
17.601455199285700,78.12661579434860
17.60145516188280,78.12661578416010
17.601455124479900,78.12661577397160
17.601455087076900,78.12661576378310
17.601455049674000,78.12661575359470
17.60145501227100,78.12661574340620
17.601454974469100,78.12661573321770
17.601454936667300,78.12661572302930
17.60145489886540,78.12661571284080
17.601454861063500,78.1266157026523
17.60145482366050,78.12661569246380
17.601454785858600,78.12661568227540
17.601454748056700,78.12661567208690
17.60145471025490,78.12661566189840
17.601454672453000,78.12661565170990
17.601454634651100,78.12661564152150
17.601454593199600,78.126615631333
17.601454551748200,78.12661562114450
17.601454510296700,78.12661561095610
17.601454469377100,78.12661560076760
17.601454427925700,78.1266155905791
17.601454386474200,78.12661558039060
17.601454345022800,78.12661557020220
17.601454303571300,78.12661556001370
17.601454262119900,78.12661554982520
17.601454220668400,78.12661553963680
17.601454179217000,78.12661552944830
17.601454137765500,78.1266155192598
17.601454096314100,78.12661550907130
17.601454054862600,78.12661549888290
17.601454013411200,78.12661548869440
17.60145397195970,78.12661547850590
17.60145393050830,78.12661546831740
17.60145388905680,78.12661545812900
17.60145384760540,78.1266154479405
17.60145380615390,78.12661543775200
17.60145376470250,78.12661542756360
17.60145372325100,78.12661541737510
17.60145368179960,78.1266154071866
17.60145364034810,78.12661539699810
17.60145359889670,78.12661538680970
17.60145355744520,78.12661537662120
17.60145351599380,78.12661536643270
17.60145347454230,78.12661535624420
17.601453433090900,78.12661534605580
17.601453391639400,78.1266153358673
17.601453350188000,78.12661532567880
17.601453308736500,78.12661531549040
17.601453267285100,78.12661530530190
17.601453225833600,78.12661529511340
17.601453184382200,78.12661528492490
17.601453142930700,78.12661527473650
17.601453101479300,78.126615264548
17.601453060027800,78.12661525435950
17.601453018576400,78.12661524417110
17.601452977124900,78.12661523398260
17.601452935673500,78.1266152237941
17.601452894222000,78.12661521360560
17.601452852770600,78.12661520341720
17.601452811319100,78.12661519322870
17.601452769867700,78.12661518304020
17.601452728416200,78.12661517285170
17.601452686964800,78.12661516266330
17.601452645513300,78.1266151524748
17.601452604061900,78.12661514228630
17.601452562610400,78.12661513209790
17.601452521159000,78.12661512190940
17.601452479707500,78.12661511172090
17.60145243825610,78.12661510153240
17.60145239680460,78.12661509134400
17.60145235535320,78.12661508115550
17.60145231390170,78.12661507096700
17.60145227245030,78.12661506077860
17.60145223099880,78.12661505059010
17.60145218954740,78.1266150404016
17.60145214809590,78.12661503021310
17.60145210664450,78.12661502486850
17.60145206519300,78.12661501952380
17.60145202374160,78.12661500933530
17.60145198229010,78.12661500399060
17.60145194083870,78.12661499864600
17.601451899387200,78.12661498845750
17.601451857935800,78.12661498311280
17.601451816484300,78.12661497776810
17.601451775032900,78.12661497242350
17.601451733581400,78.1266149670788
17.601451692130000,78.12661496173410
17.601451650678500,78.12661495154570
17.601451609227100,78.12661494620100